"id_number","Revenue"
1,"TRUE"
2,"TRUE"
3,"TRUE"
4,"FALSE"
5,"TRUE"
6,"FALSE"
7,"TRUE"
8,"FALSE"
9,"FALSE"
10,"TRUE"
11,"TRUE"
12,"TRUE"
13,"TRUE"
14,"TRUE"
15,"TRUE"
16,"TRUE"
17,"FALSE"
18,"TRUE"
19,"TRUE"
20,"TRUE"
21,"TRUE"
22,"FALSE"
23,"TRUE"
24,"TRUE"
25,"FALSE"
26,"TRUE"
27,"TRUE"
28,"FALSE"
29,"TRUE"
30,"FALSE"
31,"TRUE"
32,"FALSE"
33,"TRUE"
34,"TRUE"
35,"FALSE"
36,"TRUE"
37,"FALSE"
38,"TRUE"
39,"TRUE"
40,"TRUE"
41,"TRUE"
42,"TRUE"
43,"TRUE"
44,"FALSE"
45,"TRUE"
46,"TRUE"
47,"TRUE"
48,"TRUE"
49,"TRUE"
50,"FALSE"
51,"TRUE"
52,"TRUE"
53,"FALSE"
54,"TRUE"
55,"TRUE"
56,"TRUE"
57,"FALSE"
58,"TRUE"
59,"TRUE"
60,"TRUE"
61,"TRUE"
62,"TRUE"
63,"TRUE"
64,"TRUE"
65,"TRUE"
66,"TRUE"
67,"TRUE"
68,"TRUE"
69,"TRUE"
70,"FALSE"
71,"TRUE"
72,"TRUE"
73,"TRUE"
74,"TRUE"
75,"TRUE"
76,"TRUE"
77,"TRUE"
78,"TRUE"
79,"TRUE"
80,"FALSE"
81,"TRUE"
82,"TRUE"
83,"TRUE"
84,"TRUE"
85,"TRUE"
86,"TRUE"
87,"TRUE"
88,"TRUE"
89,"TRUE"
90,"FALSE"
91,"TRUE"
92,"FALSE"
93,"TRUE"
94,"TRUE"
95,"TRUE"
96,"TRUE"
97,"TRUE"
98,"TRUE"
99,"TRUE"
100,"TRUE"
101,"TRUE"
102,"TRUE"
103,"TRUE"
104,"FALSE"
105,"FALSE"
106,"TRUE"
107,"TRUE"
108,"FALSE"
109,"TRUE"
110,"TRUE"
111,"TRUE"
112,"TRUE"
113,"TRUE"
114,"TRUE"
115,"TRUE"
116,"TRUE"
117,"TRUE"
118,"TRUE"
119,"TRUE"
120,"FALSE"
121,"FALSE"
122,"TRUE"
123,"TRUE"
124,"TRUE"
125,"TRUE"
126,"TRUE"
127,"FALSE"
128,"TRUE"
129,"TRUE"
130,"TRUE"
131,"TRUE"
132,"TRUE"
133,"TRUE"
134,"FALSE"
135,"TRUE"
136,"TRUE"
137,"TRUE"
138,"FALSE"
139,"TRUE"
140,"TRUE"
141,"FALSE"
142,"TRUE"
143,"TRUE"
144,"FALSE"
145,"TRUE"
146,"TRUE"
147,"TRUE"
148,"TRUE"
149,"TRUE"
150,"TRUE"
151,"TRUE"
152,"TRUE"
153,"TRUE"
154,"TRUE"
155,"FALSE"
156,"TRUE"
157,"FALSE"
158,"FALSE"
159,"FALSE"
160,"FALSE"
161,"TRUE"
162,"FALSE"
163,"TRUE"
164,"TRUE"
165,"TRUE"
166,"FALSE"
167,"TRUE"
168,"FALSE"
169,"TRUE"
170,"TRUE"
171,"TRUE"
172,"TRUE"
173,"TRUE"
174,"FALSE"
175,"TRUE"
176,"TRUE"
177,"TRUE"
178,"TRUE"
179,"TRUE"
180,"TRUE"
181,"FALSE"
182,"TRUE"
183,"FALSE"
184,"FALSE"
185,"FALSE"
186,"FALSE"
187,"TRUE"
188,"FALSE"
189,"FALSE"
190,"TRUE"
191,"TRUE"
192,"FALSE"
193,"TRUE"
194,"TRUE"
195,"TRUE"
196,"FALSE"
197,"FALSE"
198,"TRUE"
199,"TRUE"
200,"FALSE"
201,"TRUE"
202,"TRUE"
203,"TRUE"
204,"TRUE"
205,"TRUE"
206,"TRUE"
207,"TRUE"
208,"TRUE"
209,"FALSE"
210,"FALSE"
211,"TRUE"
212,"TRUE"
213,"FALSE"
214,"TRUE"
215,"TRUE"
216,"TRUE"
217,"TRUE"
218,"TRUE"
219,"TRUE"
220,"TRUE"
221,"TRUE"
222,"FALSE"
223,"TRUE"
224,"TRUE"
225,"TRUE"
226,"TRUE"
227,"TRUE"
228,"TRUE"
229,"TRUE"
230,"TRUE"
231,"TRUE"
232,"TRUE"
233,"FALSE"
234,"TRUE"
235,"TRUE"
236,"TRUE"
237,"FALSE"
238,"TRUE"
239,"FALSE"
240,"TRUE"
241,"TRUE"
242,"TRUE"
243,"FALSE"
244,"TRUE"
245,"FALSE"
246,"TRUE"
247,"TRUE"
248,"TRUE"
249,"FALSE"
250,"TRUE"
251,"TRUE"
252,"TRUE"
253,"TRUE"
254,"TRUE"
255,"TRUE"
256,"TRUE"
257,"TRUE"
258,"TRUE"
259,"TRUE"
260,"FALSE"
261,"TRUE"
262,"TRUE"
263,"TRUE"
264,"TRUE"
265,"TRUE"
266,"TRUE"
267,"TRUE"
268,"TRUE"
269,"TRUE"
270,"TRUE"
271,"TRUE"
272,"TRUE"
273,"TRUE"
274,"FALSE"
275,"TRUE"
276,"TRUE"
277,"FALSE"
278,"TRUE"
279,"TRUE"
280,"TRUE"
281,"FALSE"
282,"TRUE"
283,"FALSE"
284,"TRUE"
285,"TRUE"
286,"FALSE"
287,"TRUE"
288,"TRUE"
289,"FALSE"
290,"TRUE"
291,"TRUE"
292,"FALSE"
293,"TRUE"
294,"FALSE"
295,"TRUE"
296,"TRUE"
297,"TRUE"
298,"TRUE"
299,"TRUE"
300,"TRUE"
301,"TRUE"
302,"TRUE"
303,"FALSE"
304,"TRUE"
305,"FALSE"
306,"TRUE"
307,"TRUE"
308,"TRUE"
309,"TRUE"
310,"TRUE"
311,"TRUE"
312,"FALSE"
313,"FALSE"
314,"TRUE"
315,"TRUE"
316,"TRUE"
317,"TRUE"
318,"FALSE"
319,"TRUE"
320,"TRUE"
321,"TRUE"
322,"TRUE"
323,"TRUE"
324,"TRUE"
325,"TRUE"
326,"TRUE"
327,"TRUE"
328,"TRUE"
329,"TRUE"
330,"TRUE"
331,"TRUE"
332,"TRUE"
333,"TRUE"
334,"TRUE"
335,"TRUE"
336,"TRUE"
337,"TRUE"
338,"FALSE"
339,"TRUE"
340,"TRUE"
341,"TRUE"
342,"TRUE"
343,"TRUE"
344,"FALSE"
345,"FALSE"
346,"FALSE"
347,"FALSE"
348,"TRUE"
349,"TRUE"
350,"TRUE"
351,"TRUE"
352,"TRUE"
353,"TRUE"
354,"TRUE"
355,"FALSE"
356,"TRUE"
357,"TRUE"
358,"TRUE"
359,"FALSE"
360,"TRUE"
361,"TRUE"
362,"TRUE"
363,"TRUE"
364,"TRUE"
365,"TRUE"
366,"TRUE"
367,"TRUE"
368,"TRUE"
369,"TRUE"
370,"TRUE"
371,"TRUE"
372,"TRUE"
373,"TRUE"
374,"TRUE"
375,"FALSE"
376,"TRUE"
377,"TRUE"
378,"FALSE"
379,"TRUE"
380,"FALSE"
381,"FALSE"
382,"FALSE"
383,"TRUE"
384,"FALSE"
385,"FALSE"
386,"TRUE"
387,"FALSE"
388,"TRUE"
389,"FALSE"
390,"FALSE"
391,"TRUE"
392,"FALSE"
393,"FALSE"
394,"FALSE"
395,"TRUE"
396,"FALSE"
397,"FALSE"
398,"FALSE"
399,"FALSE"
400,"FALSE"
401,"FALSE"
402,"FALSE"
403,"FALSE"
404,"FALSE"
405,"TRUE"
406,"FALSE"
407,"FALSE"
408,"FALSE"
409,"FALSE"
410,"FALSE"
411,"FALSE"
412,"FALSE"
413,"FALSE"
414,"FALSE"
415,"FALSE"
416,"FALSE"
417,"FALSE"
418,"FALSE"
419,"FALSE"
420,"FALSE"
421,"FALSE"
422,"TRUE"
423,"FALSE"
424,"FALSE"
425,"FALSE"
426,"TRUE"
427,"FALSE"
428,"FALSE"
429,"FALSE"
430,"FALSE"
431,"FALSE"
432,"FALSE"
433,"FALSE"
434,"FALSE"
435,"FALSE"
436,"FALSE"
437,"FALSE"
438,"FALSE"
439,"FALSE"
440,"FALSE"
441,"FALSE"
442,"TRUE"
443,"FALSE"
444,"TRUE"
445,"FALSE"
446,"FALSE"
447,"FALSE"
448,"FALSE"
449,"FALSE"
450,"FALSE"
451,"FALSE"
452,"FALSE"
453,"FALSE"
454,"FALSE"
455,"FALSE"
456,"FALSE"
457,"FALSE"
458,"FALSE"
459,"FALSE"
460,"FALSE"
461,"FALSE"
462,"FALSE"
463,"FALSE"
464,"FALSE"
465,"FALSE"
466,"FALSE"
467,"FALSE"
468,"FALSE"
469,"FALSE"
470,"FALSE"
471,"FALSE"
472,"FALSE"
473,"FALSE"
474,"FALSE"
475,"FALSE"
476,"FALSE"
477,"FALSE"
478,"FALSE"
479,"FALSE"
480,"FALSE"
481,"TRUE"
482,"TRUE"
483,"FALSE"
484,"FALSE"
485,"FALSE"
486,"FALSE"
487,"FALSE"
488,"FALSE"
489,"TRUE"
490,"FALSE"
491,"TRUE"
492,"FALSE"
493,"FALSE"
494,"FALSE"
495,"FALSE"
496,"FALSE"
497,"TRUE"
498,"FALSE"
499,"FALSE"
500,"FALSE"
501,"FALSE"
502,"TRUE"
503,"FALSE"
504,"FALSE"
505,"FALSE"
506,"TRUE"
507,"TRUE"
508,"TRUE"
509,"FALSE"
510,"FALSE"
511,"FALSE"
512,"FALSE"
513,"FALSE"
514,"FALSE"
515,"FALSE"
516,"FALSE"
517,"FALSE"
518,"FALSE"
519,"FALSE"
520,"FALSE"
521,"FALSE"
522,"FALSE"
523,"TRUE"
524,"TRUE"
525,"FALSE"
526,"TRUE"
527,"FALSE"
528,"FALSE"
529,"FALSE"
530,"FALSE"
531,"FALSE"
532,"FALSE"
533,"FALSE"
534,"FALSE"
535,"FALSE"
536,"FALSE"
537,"FALSE"
538,"FALSE"
539,"FALSE"
540,"FALSE"
541,"FALSE"
542,"FALSE"
543,"FALSE"
544,"FALSE"
545,"FALSE"
546,"FALSE"
547,"FALSE"
548,"TRUE"
549,"FALSE"
550,"FALSE"
551,"FALSE"
552,"FALSE"
553,"FALSE"
554,"FALSE"
555,"FALSE"
556,"FALSE"
557,"FALSE"
558,"FALSE"
559,"FALSE"
560,"FALSE"
561,"FALSE"
562,"FALSE"
563,"FALSE"
564,"FALSE"
565,"FALSE"
566,"FALSE"
567,"FALSE"
568,"FALSE"
569,"FALSE"
570,"FALSE"
571,"FALSE"
572,"FALSE"
573,"FALSE"
574,"FALSE"
575,"FALSE"
576,"FALSE"
577,"FALSE"
578,"FALSE"
579,"FALSE"
580,"FALSE"
581,"FALSE"
582,"FALSE"
583,"FALSE"
584,"FALSE"
585,"FALSE"
586,"TRUE"
587,"FALSE"
588,"FALSE"
589,"TRUE"
590,"TRUE"
591,"FALSE"
592,"FALSE"
593,"TRUE"
594,"FALSE"
595,"FALSE"
596,"FALSE"
597,"FALSE"
598,"FALSE"
599,"FALSE"
600,"FALSE"
601,"FALSE"
602,"FALSE"
603,"FALSE"
604,"FALSE"
605,"FALSE"
606,"TRUE"
607,"FALSE"
608,"FALSE"
609,"FALSE"
610,"FALSE"
611,"FALSE"
612,"FALSE"
613,"FALSE"
614,"FALSE"
615,"FALSE"
616,"FALSE"
617,"FALSE"
618,"FALSE"
619,"FALSE"
620,"FALSE"
621,"FALSE"
622,"FALSE"
623,"FALSE"
624,"FALSE"
625,"FALSE"
626,"FALSE"
627,"TRUE"
628,"FALSE"
629,"FALSE"
630,"FALSE"
631,"FALSE"
632,"TRUE"
633,"FALSE"
634,"FALSE"
635,"TRUE"
636,"FALSE"
637,"FALSE"
638,"FALSE"
639,"FALSE"
640,"FALSE"
641,"FALSE"
642,"FALSE"
643,"FALSE"
644,"FALSE"
645,"FALSE"
646,"FALSE"
647,"FALSE"
648,"FALSE"
649,"FALSE"
650,"FALSE"
651,"FALSE"
652,"FALSE"
653,"FALSE"
654,"FALSE"
655,"FALSE"
656,"FALSE"
657,"FALSE"
658,"FALSE"
659,"FALSE"
660,"FALSE"
661,"FALSE"
662,"FALSE"
663,"FALSE"
664,"FALSE"
665,"FALSE"
666,"FALSE"
667,"TRUE"
668,"FALSE"
669,"FALSE"
670,"FALSE"
671,"FALSE"
672,"FALSE"
673,"FALSE"
674,"FALSE"
675,"FALSE"
676,"FALSE"
677,"FALSE"
678,"FALSE"
679,"FALSE"
680,"FALSE"
681,"FALSE"
682,"FALSE"
683,"TRUE"
684,"FALSE"
685,"FALSE"
686,"FALSE"
687,"FALSE"
688,"FALSE"
689,"FALSE"
690,"FALSE"
691,"FALSE"
692,"FALSE"
693,"FALSE"
694,"FALSE"
695,"FALSE"
696,"FALSE"
697,"TRUE"
698,"FALSE"
699,"FALSE"
700,"FALSE"
701,"FALSE"
702,"FALSE"
703,"TRUE"
704,"FALSE"
705,"FALSE"
706,"FALSE"
707,"TRUE"
708,"TRUE"
709,"FALSE"
710,"FALSE"
711,"FALSE"
712,"FALSE"
713,"FALSE"
714,"TRUE"
715,"FALSE"
716,"FALSE"
717,"FALSE"
718,"FALSE"
719,"FALSE"
720,"FALSE"
721,"TRUE"
722,"FALSE"
723,"FALSE"
724,"FALSE"
725,"FALSE"
726,"FALSE"
727,"FALSE"
728,"FALSE"
729,"FALSE"
730,"TRUE"
731,"TRUE"
732,"FALSE"
733,"FALSE"
734,"FALSE"
735,"TRUE"
736,"FALSE"
737,"FALSE"
738,"FALSE"
739,"FALSE"
740,"FALSE"
741,"TRUE"
742,"FALSE"
743,"FALSE"
744,"TRUE"
745,"FALSE"
746,"FALSE"
747,"FALSE"
748,"FALSE"
749,"FALSE"
750,"FALSE"
751,"FALSE"
752,"FALSE"
753,"FALSE"
754,"FALSE"
755,"FALSE"
756,"FALSE"
757,"FALSE"
758,"TRUE"
759,"TRUE"
760,"FALSE"
761,"FALSE"
762,"FALSE"
763,"FALSE"
764,"FALSE"
765,"FALSE"
766,"FALSE"
767,"FALSE"
768,"FALSE"
769,"FALSE"
770,"FALSE"
771,"FALSE"
772,"FALSE"
773,"FALSE"
774,"FALSE"
775,"FALSE"
776,"FALSE"
777,"FALSE"
778,"FALSE"
779,"FALSE"
780,"FALSE"
781,"FALSE"
782,"FALSE"
783,"FALSE"
784,"TRUE"
785,"FALSE"
786,"FALSE"
787,"FALSE"
788,"FALSE"
789,"FALSE"
790,"FALSE"
791,"FALSE"
792,"FALSE"
793,"FALSE"
794,"FALSE"
795,"TRUE"
796,"FALSE"
797,"FALSE"
798,"FALSE"
799,"FALSE"
800,"FALSE"
801,"FALSE"
802,"FALSE"
803,"FALSE"
804,"FALSE"
805,"FALSE"
806,"FALSE"
807,"FALSE"
808,"FALSE"
809,"FALSE"
810,"FALSE"
811,"FALSE"
812,"FALSE"
813,"FALSE"
814,"TRUE"
815,"TRUE"
816,"FALSE"
817,"FALSE"
818,"TRUE"
819,"FALSE"
820,"FALSE"
821,"FALSE"
822,"FALSE"
823,"FALSE"
824,"FALSE"
825,"FALSE"
826,"FALSE"
827,"FALSE"
828,"FALSE"
829,"FALSE"
830,"FALSE"
831,"FALSE"
832,"FALSE"
833,"FALSE"
834,"FALSE"
835,"FALSE"
836,"FALSE"
837,"FALSE"
838,"FALSE"
839,"FALSE"
840,"FALSE"
841,"FALSE"
842,"FALSE"
843,"FALSE"
844,"FALSE"
845,"FALSE"
846,"FALSE"
847,"FALSE"
848,"FALSE"
849,"FALSE"
850,"TRUE"
851,"FALSE"
852,"TRUE"
853,"FALSE"
854,"FALSE"
855,"FALSE"
856,"FALSE"
857,"TRUE"
858,"FALSE"
859,"FALSE"
860,"FALSE"
861,"FALSE"
862,"FALSE"
863,"FALSE"
864,"FALSE"
865,"FALSE"
866,"FALSE"
867,"FALSE"
868,"FALSE"
869,"FALSE"
870,"FALSE"
871,"FALSE"
872,"FALSE"
873,"TRUE"
874,"FALSE"
875,"FALSE"
876,"FALSE"
877,"FALSE"
878,"FALSE"
879,"FALSE"
880,"FALSE"
881,"FALSE"
882,"FALSE"
883,"FALSE"
884,"FALSE"
885,"FALSE"
886,"FALSE"
887,"FALSE"
888,"FALSE"
889,"FALSE"
890,"FALSE"
891,"FALSE"
892,"FALSE"
893,"FALSE"
894,"FALSE"
895,"FALSE"
896,"FALSE"
897,"TRUE"
898,"FALSE"
899,"FALSE"
900,"TRUE"
901,"TRUE"
902,"FALSE"
903,"FALSE"
904,"FALSE"
905,"FALSE"
906,"FALSE"
907,"FALSE"
908,"FALSE"
909,"FALSE"
910,"FALSE"
911,"FALSE"
912,"FALSE"
913,"FALSE"
914,"FALSE"
915,"FALSE"
916,"FALSE"
917,"FALSE"
918,"FALSE"
919,"FALSE"
920,"FALSE"
921,"FALSE"
922,"FALSE"
923,"FALSE"
924,"FALSE"
925,"FALSE"
926,"FALSE"
927,"TRUE"
928,"FALSE"
929,"FALSE"
930,"FALSE"
931,"FALSE"
932,"FALSE"
933,"FALSE"
934,"FALSE"
935,"FALSE"
936,"FALSE"
937,"FALSE"
938,"FALSE"
939,"FALSE"
940,"FALSE"
941,"FALSE"
942,"FALSE"
943,"FALSE"
944,"FALSE"
945,"FALSE"
946,"FALSE"
947,"FALSE"
948,"TRUE"
949,"FALSE"
950,"FALSE"
951,"FALSE"
952,"FALSE"
953,"FALSE"
954,"FALSE"
955,"FALSE"
956,"FALSE"
957,"FALSE"
958,"FALSE"
959,"FALSE"
960,"FALSE"
961,"FALSE"
962,"FALSE"
963,"FALSE"
964,"FALSE"
965,"FALSE"
966,"FALSE"
967,"FALSE"
968,"FALSE"
969,"FALSE"
970,"FALSE"
971,"FALSE"
972,"FALSE"
973,"FALSE"
974,"FALSE"
975,"FALSE"
976,"FALSE"
977,"FALSE"
978,"FALSE"
979,"FALSE"
980,"FALSE"
981,"FALSE"
982,"FALSE"
983,"FALSE"
984,"FALSE"
985,"FALSE"
986,"FALSE"
987,"FALSE"
988,"FALSE"
989,"FALSE"
990,"FALSE"
991,"FALSE"
992,"TRUE"
993,"FALSE"
994,"FALSE"
995,"FALSE"
996,"TRUE"
997,"TRUE"
998,"FALSE"
999,"TRUE"
1000,"FALSE"
1001,"TRUE"
1002,"FALSE"
1003,"FALSE"
1004,"FALSE"
1005,"FALSE"
1006,"FALSE"
1007,"FALSE"
1008,"FALSE"
1009,"FALSE"
1010,"FALSE"
1011,"FALSE"
1012,"FALSE"
1013,"FALSE"
1014,"FALSE"
1015,"FALSE"
1016,"FALSE"
1017,"FALSE"
1018,"FALSE"
1019,"FALSE"
1020,"FALSE"
1021,"TRUE"
1022,"FALSE"
1023,"FALSE"
1024,"FALSE"
1025,"FALSE"
1026,"FALSE"
1027,"FALSE"
1028,"FALSE"
1029,"FALSE"
1030,"FALSE"
1031,"FALSE"
1032,"FALSE"
1033,"FALSE"
1034,"FALSE"
1035,"FALSE"
1036,"FALSE"
1037,"FALSE"
1038,"FALSE"
1039,"FALSE"
1040,"FALSE"
1041,"FALSE"
1042,"FALSE"
1043,"FALSE"
1044,"FALSE"
1045,"FALSE"
1046,"FALSE"
1047,"FALSE"
1048,"FALSE"
1049,"FALSE"
1050,"FALSE"
1051,"TRUE"
1052,"FALSE"
1053,"FALSE"
1054,"TRUE"
1055,"FALSE"
1056,"FALSE"
1057,"FALSE"
1058,"FALSE"
1059,"FALSE"
1060,"FALSE"
1061,"FALSE"
1062,"FALSE"
1063,"FALSE"
1064,"FALSE"
1065,"FALSE"
1066,"TRUE"
1067,"FALSE"
1068,"FALSE"
1069,"FALSE"
1070,"FALSE"
1071,"FALSE"
1072,"FALSE"
1073,"FALSE"
1074,"FALSE"
1075,"FALSE"
1076,"FALSE"
1077,"FALSE"
1078,"FALSE"
1079,"FALSE"
1080,"FALSE"
1081,"FALSE"
1082,"FALSE"
1083,"TRUE"
1084,"FALSE"
1085,"FALSE"
1086,"FALSE"
1087,"FALSE"
1088,"FALSE"
1089,"FALSE"
1090,"FALSE"
1091,"FALSE"
1092,"FALSE"
1093,"FALSE"
1094,"FALSE"
1095,"FALSE"
1096,"TRUE"
1097,"FALSE"
1098,"FALSE"
1099,"TRUE"
1100,"FALSE"
1101,"FALSE"
1102,"FALSE"
1103,"FALSE"
1104,"FALSE"
1105,"FALSE"
1106,"FALSE"
1107,"FALSE"
1108,"FALSE"
1109,"FALSE"
1110,"FALSE"
1111,"FALSE"
1112,"TRUE"
1113,"FALSE"
1114,"FALSE"
1115,"FALSE"
1116,"FALSE"
1117,"FALSE"
1118,"FALSE"
1119,"TRUE"
1120,"FALSE"
1121,"FALSE"
1122,"FALSE"
1123,"FALSE"
1124,"FALSE"
1125,"FALSE"
1126,"FALSE"
1127,"FALSE"
1128,"FALSE"
1129,"FALSE"
1130,"FALSE"
1131,"FALSE"
1132,"FALSE"
1133,"FALSE"
1134,"FALSE"
1135,"FALSE"
1136,"FALSE"
1137,"FALSE"
1138,"FALSE"
1139,"FALSE"
1140,"FALSE"
1141,"FALSE"
1142,"FALSE"
1143,"FALSE"
1144,"FALSE"
1145,"FALSE"
1146,"TRUE"
1147,"FALSE"
1148,"FALSE"
1149,"FALSE"
1150,"TRUE"
1151,"FALSE"
1152,"FALSE"
1153,"FALSE"
1154,"FALSE"
1155,"FALSE"
1156,"FALSE"
1157,"FALSE"
1158,"FALSE"
1159,"TRUE"
1160,"FALSE"
1161,"FALSE"
1162,"FALSE"
1163,"FALSE"
1164,"FALSE"
1165,"FALSE"
1166,"FALSE"
1167,"TRUE"
1168,"FALSE"
1169,"FALSE"
1170,"FALSE"
1171,"FALSE"
1172,"FALSE"
1173,"FALSE"
1174,"FALSE"
1175,"TRUE"
1176,"FALSE"
1177,"FALSE"
1178,"FALSE"
1179,"FALSE"
1180,"TRUE"
1181,"TRUE"
1182,"FALSE"
1183,"FALSE"
1184,"FALSE"
1185,"FALSE"
1186,"TRUE"
1187,"FALSE"
1188,"FALSE"
1189,"FALSE"
1190,"FALSE"
1191,"TRUE"
1192,"FALSE"
1193,"FALSE"
1194,"FALSE"
1195,"FALSE"
1196,"FALSE"
1197,"FALSE"
1198,"FALSE"
1199,"FALSE"
1200,"FALSE"
1201,"FALSE"
1202,"TRUE"
1203,"FALSE"
1204,"FALSE"
1205,"FALSE"
1206,"FALSE"
1207,"FALSE"
1208,"FALSE"
1209,"FALSE"
1210,"FALSE"
1211,"FALSE"
1212,"FALSE"
1213,"FALSE"
1214,"FALSE"
1215,"FALSE"
1216,"FALSE"
1217,"FALSE"
1218,"FALSE"
1219,"FALSE"
1220,"FALSE"
1221,"FALSE"
1222,"FALSE"
1223,"FALSE"
1224,"FALSE"
1225,"FALSE"
1226,"FALSE"
1227,"FALSE"
1228,"FALSE"
1229,"FALSE"
1230,"FALSE"
1231,"FALSE"
1232,"FALSE"
1233,"FALSE"
1234,"TRUE"
1235,"FALSE"
1236,"FALSE"
1237,"FALSE"
1238,"FALSE"
1239,"FALSE"
1240,"FALSE"
1241,"FALSE"
1242,"FALSE"
1243,"FALSE"
1244,"TRUE"
1245,"TRUE"
1246,"FALSE"
1247,"FALSE"
1248,"FALSE"
1249,"FALSE"
1250,"TRUE"
1251,"FALSE"
1252,"FALSE"
1253,"FALSE"
1254,"FALSE"
1255,"FALSE"
1256,"FALSE"
1257,"FALSE"
1258,"FALSE"
1259,"FALSE"
1260,"TRUE"
1261,"FALSE"
1262,"FALSE"
1263,"FALSE"
1264,"FALSE"
1265,"FALSE"
1266,"FALSE"
1267,"FALSE"
1268,"FALSE"
1269,"FALSE"
1270,"FALSE"
1271,"FALSE"
1272,"TRUE"
1273,"FALSE"
1274,"FALSE"
1275,"FALSE"
1276,"TRUE"
1277,"FALSE"
1278,"FALSE"
1279,"FALSE"
1280,"FALSE"
1281,"FALSE"
1282,"FALSE"
1283,"FALSE"
1284,"FALSE"
1285,"FALSE"
1286,"FALSE"
1287,"FALSE"
1288,"FALSE"
1289,"FALSE"
1290,"FALSE"
1291,"FALSE"
1292,"FALSE"
1293,"FALSE"
1294,"FALSE"
1295,"FALSE"
1296,"FALSE"
1297,"TRUE"
1298,"FALSE"
1299,"FALSE"
1300,"TRUE"
1301,"FALSE"
1302,"FALSE"
1303,"FALSE"
1304,"FALSE"
1305,"FALSE"
1306,"FALSE"
1307,"FALSE"
1308,"FALSE"
1309,"FALSE"
1310,"FALSE"
1311,"FALSE"
1312,"FALSE"
1313,"FALSE"
1314,"FALSE"
1315,"FALSE"
1316,"FALSE"
1317,"FALSE"
1318,"FALSE"
1319,"TRUE"
1320,"FALSE"
1321,"FALSE"
1322,"FALSE"
1323,"FALSE"
1324,"FALSE"
1325,"TRUE"
1326,"FALSE"
1327,"FALSE"
1328,"FALSE"
1329,"FALSE"
1330,"TRUE"
1331,"FALSE"
1332,"FALSE"
1333,"FALSE"
1334,"FALSE"
1335,"FALSE"
1336,"TRUE"
1337,"FALSE"
1338,"FALSE"
1339,"FALSE"
1340,"FALSE"
1341,"FALSE"
1342,"FALSE"
1343,"FALSE"
1344,"FALSE"
1345,"FALSE"
1346,"TRUE"
1347,"FALSE"
1348,"TRUE"
1349,"FALSE"
1350,"FALSE"
1351,"FALSE"
1352,"FALSE"
1353,"FALSE"
1354,"TRUE"
1355,"FALSE"
1356,"FALSE"
1357,"FALSE"
1358,"FALSE"
1359,"FALSE"
1360,"FALSE"
1361,"TRUE"
1362,"FALSE"
1363,"FALSE"
1364,"FALSE"
1365,"FALSE"
1366,"FALSE"
1367,"FALSE"
1368,"FALSE"
1369,"FALSE"
1370,"FALSE"
1371,"FALSE"
1372,"FALSE"
1373,"FALSE"
1374,"FALSE"
1375,"FALSE"
1376,"FALSE"
1377,"FALSE"
1378,"FALSE"
1379,"FALSE"
1380,"FALSE"
1381,"FALSE"
1382,"FALSE"
1383,"FALSE"
1384,"FALSE"
1385,"FALSE"
1386,"FALSE"
1387,"FALSE"
1388,"FALSE"
1389,"FALSE"
1390,"FALSE"
1391,"TRUE"
1392,"FALSE"
1393,"FALSE"
1394,"FALSE"
1395,"FALSE"
1396,"FALSE"
1397,"FALSE"
1398,"FALSE"
1399,"FALSE"
1400,"TRUE"
1401,"FALSE"
1402,"FALSE"
1403,"FALSE"
1404,"FALSE"
1405,"FALSE"
1406,"FALSE"
1407,"FALSE"
1408,"FALSE"
1409,"FALSE"
1410,"FALSE"
1411,"FALSE"
1412,"FALSE"
1413,"FALSE"
1414,"FALSE"
1415,"TRUE"
1416,"FALSE"
1417,"FALSE"
1418,"FALSE"
1419,"FALSE"
1420,"FALSE"
1421,"FALSE"
1422,"FALSE"
1423,"FALSE"
1424,"TRUE"
1425,"FALSE"
1426,"TRUE"
1427,"FALSE"
1428,"FALSE"
1429,"TRUE"
1430,"FALSE"
1431,"FALSE"
1432,"FALSE"
1433,"FALSE"
1434,"FALSE"
1435,"FALSE"
1436,"FALSE"
1437,"FALSE"
1438,"FALSE"
1439,"FALSE"
1440,"FALSE"
1441,"FALSE"
1442,"FALSE"
1443,"FALSE"
1444,"FALSE"
1445,"FALSE"
1446,"FALSE"
1447,"FALSE"
1448,"FALSE"
1449,"FALSE"
1450,"FALSE"
1451,"FALSE"
1452,"TRUE"
1453,"FALSE"
1454,"FALSE"
1455,"FALSE"
1456,"TRUE"
1457,"FALSE"
1458,"FALSE"
1459,"FALSE"
1460,"FALSE"
1461,"FALSE"
1462,"TRUE"
1463,"FALSE"
1464,"FALSE"
1465,"FALSE"
1466,"FALSE"
1467,"FALSE"
1468,"FALSE"
1469,"FALSE"
1470,"FALSE"
1471,"FALSE"
1472,"FALSE"
1473,"FALSE"
1474,"FALSE"
1475,"TRUE"
1476,"FALSE"
1477,"FALSE"
1478,"FALSE"
1479,"FALSE"
1480,"FALSE"
1481,"FALSE"
1482,"FALSE"
1483,"FALSE"
1484,"FALSE"
1485,"FALSE"
1486,"FALSE"
1487,"TRUE"
1488,"FALSE"
1489,"FALSE"
1490,"FALSE"
1491,"TRUE"
1492,"FALSE"
1493,"FALSE"
1494,"FALSE"
1495,"FALSE"
1496,"FALSE"
1497,"FALSE"
1498,"FALSE"
1499,"FALSE"
1500,"FALSE"
1501,"FALSE"
1502,"FALSE"
1503,"FALSE"
1504,"FALSE"
1505,"FALSE"
1506,"FALSE"
1507,"FALSE"
1508,"FALSE"
1509,"FALSE"
1510,"FALSE"
1511,"FALSE"
1512,"TRUE"
1513,"FALSE"
1514,"FALSE"
1515,"FALSE"
1516,"TRUE"
1517,"FALSE"
1518,"FALSE"
1519,"TRUE"
1520,"FALSE"
1521,"FALSE"
1522,"TRUE"
1523,"FALSE"
1524,"FALSE"
1525,"FALSE"
1526,"FALSE"
1527,"FALSE"
1528,"TRUE"
1529,"FALSE"
1530,"FALSE"
1531,"FALSE"
1532,"FALSE"
1533,"FALSE"
1534,"FALSE"
1535,"FALSE"
1536,"FALSE"
1537,"FALSE"
1538,"TRUE"
1539,"FALSE"
1540,"FALSE"
1541,"FALSE"
1542,"FALSE"
1543,"FALSE"
1544,"FALSE"
1545,"FALSE"
1546,"FALSE"
1547,"FALSE"
1548,"FALSE"
1549,"FALSE"
1550,"FALSE"
1551,"FALSE"
1552,"FALSE"
1553,"FALSE"
1554,"FALSE"
1555,"FALSE"
1556,"FALSE"
1557,"FALSE"
1558,"FALSE"
1559,"FALSE"
1560,"FALSE"
1561,"FALSE"
1562,"FALSE"
1563,"FALSE"
1564,"FALSE"
1565,"TRUE"
1566,"FALSE"
1567,"FALSE"
1568,"FALSE"
1569,"FALSE"
1570,"FALSE"
1571,"FALSE"
1572,"FALSE"
1573,"FALSE"
1574,"FALSE"
1575,"FALSE"
1576,"FALSE"
1577,"FALSE"
1578,"FALSE"
1579,"FALSE"
1580,"FALSE"
1581,"FALSE"
1582,"TRUE"
1583,"FALSE"
1584,"FALSE"
1585,"FALSE"
1586,"FALSE"
1587,"FALSE"
1588,"FALSE"
1589,"FALSE"
1590,"FALSE"
1591,"FALSE"
1592,"TRUE"
1593,"FALSE"
1594,"TRUE"
1595,"FALSE"
1596,"FALSE"
1597,"FALSE"
1598,"FALSE"
1599,"FALSE"
1600,"TRUE"
1601,"FALSE"
1602,"FALSE"
1603,"FALSE"
1604,"TRUE"
1605,"FALSE"
1606,"FALSE"
1607,"FALSE"
1608,"FALSE"
1609,"TRUE"
1610,"FALSE"
1611,"FALSE"
1612,"FALSE"
1613,"FALSE"
1614,"FALSE"
1615,"FALSE"
1616,"FALSE"
1617,"FALSE"
1618,"FALSE"
1619,"FALSE"
1620,"FALSE"
1621,"FALSE"
1622,"FALSE"
1623,"FALSE"
1624,"FALSE"
1625,"FALSE"
1626,"FALSE"
1627,"FALSE"
1628,"FALSE"
1629,"FALSE"
1630,"TRUE"
1631,"FALSE"
1632,"FALSE"
1633,"TRUE"
1634,"FALSE"
1635,"TRUE"
1636,"FALSE"
1637,"FALSE"
1638,"FALSE"
1639,"FALSE"
1640,"FALSE"
1641,"FALSE"
1642,"FALSE"
1643,"FALSE"
1644,"FALSE"
1645,"FALSE"
1646,"FALSE"
1647,"FALSE"
1648,"FALSE"
1649,"FALSE"
1650,"FALSE"
1651,"FALSE"
1652,"FALSE"
1653,"FALSE"
1654,"FALSE"
1655,"FALSE"
1656,"FALSE"
1657,"FALSE"
1658,"FALSE"
1659,"FALSE"
1660,"FALSE"
1661,"FALSE"
1662,"FALSE"
1663,"FALSE"
1664,"FALSE"
1665,"FALSE"
1666,"FALSE"
1667,"TRUE"
1668,"FALSE"
1669,"FALSE"
1670,"FALSE"
1671,"FALSE"
1672,"TRUE"
1673,"TRUE"
1674,"FALSE"
1675,"TRUE"
1676,"FALSE"
1677,"FALSE"
1678,"FALSE"
1679,"TRUE"
1680,"FALSE"
1681,"TRUE"
1682,"FALSE"
1683,"TRUE"
1684,"FALSE"
1685,"FALSE"
1686,"FALSE"
1687,"FALSE"
1688,"TRUE"
1689,"FALSE"
1690,"FALSE"
1691,"FALSE"
1692,"FALSE"
1693,"FALSE"
1694,"FALSE"
1695,"FALSE"
1696,"FALSE"
1697,"FALSE"
1698,"FALSE"
1699,"FALSE"
1700,"FALSE"
1701,"FALSE"
1702,"FALSE"
1703,"TRUE"
1704,"FALSE"
1705,"FALSE"
1706,"FALSE"
1707,"FALSE"
1708,"FALSE"
1709,"FALSE"
1710,"FALSE"
1711,"FALSE"
1712,"TRUE"
1713,"FALSE"
1714,"FALSE"
1715,"FALSE"
1716,"FALSE"
1717,"FALSE"
1718,"FALSE"
1719,"FALSE"
1720,"FALSE"
1721,"FALSE"
1722,"TRUE"
1723,"FALSE"
1724,"FALSE"
1725,"FALSE"
1726,"FALSE"
1727,"FALSE"
1728,"FALSE"
1729,"FALSE"
1730,"FALSE"
1731,"FALSE"
1732,"FALSE"
1733,"TRUE"
1734,"FALSE"
1735,"FALSE"
1736,"TRUE"
1737,"TRUE"
1738,"FALSE"
1739,"FALSE"
1740,"FALSE"
1741,"FALSE"
1742,"FALSE"
1743,"FALSE"
1744,"FALSE"
1745,"FALSE"
1746,"FALSE"
1747,"FALSE"
1748,"FALSE"
1749,"TRUE"
1750,"FALSE"
1751,"FALSE"
1752,"FALSE"
1753,"FALSE"
1754,"FALSE"
1755,"FALSE"
1756,"FALSE"
1757,"FALSE"
1758,"FALSE"
1759,"FALSE"
1760,"FALSE"
1761,"FALSE"
1762,"FALSE"
1763,"FALSE"
1764,"FALSE"
1765,"FALSE"
1766,"FALSE"
1767,"FALSE"
1768,"FALSE"
1769,"TRUE"
1770,"FALSE"
1771,"FALSE"
1772,"FALSE"
1773,"FALSE"
1774,"FALSE"
1775,"FALSE"
1776,"FALSE"
1777,"FALSE"
1778,"FALSE"
1779,"FALSE"
1780,"FALSE"
1781,"FALSE"
1782,"TRUE"
1783,"FALSE"
1784,"FALSE"
1785,"FALSE"
1786,"TRUE"
1787,"FALSE"
1788,"FALSE"
1789,"FALSE"
1790,"FALSE"
1791,"FALSE"
1792,"FALSE"
1793,"FALSE"
1794,"FALSE"
1795,"FALSE"
1796,"FALSE"
1797,"FALSE"
1798,"TRUE"
1799,"TRUE"
1800,"FALSE"
1801,"FALSE"
1802,"FALSE"
1803,"FALSE"
1804,"FALSE"
1805,"FALSE"
1806,"FALSE"
1807,"FALSE"
1808,"FALSE"
1809,"FALSE"
1810,"FALSE"
1811,"FALSE"
1812,"FALSE"
1813,"FALSE"
1814,"TRUE"
1815,"FALSE"
1816,"FALSE"
1817,"FALSE"
1818,"TRUE"
1819,"TRUE"
1820,"FALSE"
1821,"TRUE"
1822,"FALSE"
1823,"FALSE"
1824,"FALSE"
1825,"FALSE"
1826,"TRUE"
1827,"FALSE"
1828,"TRUE"
1829,"FALSE"
1830,"FALSE"
1831,"FALSE"
1832,"FALSE"
1833,"FALSE"
1834,"FALSE"
1835,"FALSE"
1836,"FALSE"
1837,"FALSE"
1838,"FALSE"
1839,"FALSE"
1840,"FALSE"
1841,"FALSE"
1842,"FALSE"
1843,"FALSE"
1844,"TRUE"
1845,"FALSE"
1846,"FALSE"
1847,"FALSE"
1848,"FALSE"
1849,"FALSE"
1850,"FALSE"
1851,"FALSE"
1852,"FALSE"
1853,"FALSE"
1854,"FALSE"
1855,"TRUE"
1856,"FALSE"
1857,"FALSE"
1858,"FALSE"
1859,"FALSE"
1860,"FALSE"
1861,"FALSE"
1862,"FALSE"
1863,"FALSE"
1864,"FALSE"
1865,"FALSE"
1866,"FALSE"
1867,"FALSE"
1868,"TRUE"
1869,"FALSE"
1870,"FALSE"
1871,"TRUE"
1872,"TRUE"
1873,"FALSE"
1874,"FALSE"
1875,"FALSE"
1876,"FALSE"
1877,"FALSE"
1878,"TRUE"
1879,"TRUE"
1880,"FALSE"
1881,"FALSE"
1882,"FALSE"
1883,"FALSE"
1884,"TRUE"
1885,"FALSE"
1886,"FALSE"
1887,"FALSE"
1888,"FALSE"
1889,"FALSE"
1890,"FALSE"
1891,"FALSE"
1892,"FALSE"
1893,"FALSE"
1894,"FALSE"
1895,"FALSE"
1896,"FALSE"
1897,"FALSE"
1898,"FALSE"
1899,"FALSE"
1900,"FALSE"
1901,"FALSE"
1902,"FALSE"
1903,"FALSE"
1904,"FALSE"
1905,"FALSE"
1906,"TRUE"
1907,"FALSE"
1908,"FALSE"
1909,"FALSE"
1910,"FALSE"
1911,"FALSE"
1912,"FALSE"
1913,"FALSE"
1914,"FALSE"
1915,"TRUE"
1916,"FALSE"
1917,"TRUE"
1918,"FALSE"
1919,"FALSE"
1920,"FALSE"
1921,"FALSE"
1922,"FALSE"
1923,"FALSE"
1924,"FALSE"
1925,"FALSE"
1926,"FALSE"
1927,"FALSE"
1928,"FALSE"
1929,"FALSE"
1930,"FALSE"
1931,"FALSE"
1932,"TRUE"
1933,"FALSE"
1934,"TRUE"
1935,"FALSE"
1936,"FALSE"
1937,"FALSE"
1938,"FALSE"
1939,"FALSE"
1940,"FALSE"
1941,"FALSE"
1942,"FALSE"
1943,"FALSE"
1944,"FALSE"
1945,"TRUE"
1946,"FALSE"
1947,"FALSE"
1948,"FALSE"
1949,"FALSE"
1950,"FALSE"
1951,"TRUE"
1952,"FALSE"
1953,"TRUE"
1954,"FALSE"
1955,"TRUE"
1956,"FALSE"
1957,"FALSE"
1958,"FALSE"
1959,"FALSE"
1960,"FALSE"
1961,"FALSE"
1962,"TRUE"
1963,"FALSE"
1964,"FALSE"
1965,"FALSE"
1966,"FALSE"
1967,"FALSE"
1968,"FALSE"
1969,"FALSE"
1970,"FALSE"
1971,"FALSE"
1972,"FALSE"
1973,"FALSE"
1974,"FALSE"
1975,"FALSE"
1976,"FALSE"
1977,"TRUE"
1978,"FALSE"
1979,"FALSE"
1980,"FALSE"
1981,"FALSE"
1982,"FALSE"
1983,"FALSE"
1984,"FALSE"
1985,"FALSE"
1986,"TRUE"
1987,"FALSE"
1988,"FALSE"
1989,"FALSE"
1990,"FALSE"
1991,"FALSE"
1992,"FALSE"
1993,"TRUE"
1994,"TRUE"
1995,"FALSE"
1996,"FALSE"
1997,"FALSE"
1998,"FALSE"
1999,"FALSE"
2000,"FALSE"
2001,"FALSE"
2002,"FALSE"
2003,"FALSE"
2004,"FALSE"
2005,"FALSE"
2006,"FALSE"
2007,"TRUE"
2008,"TRUE"
2009,"FALSE"
2010,"FALSE"
2011,"FALSE"
2012,"TRUE"
2013,"FALSE"
2014,"FALSE"
2015,"FALSE"
2016,"FALSE"
2017,"TRUE"
2018,"FALSE"
2019,"FALSE"
2020,"FALSE"
2021,"FALSE"
2022,"FALSE"
2023,"FALSE"
2024,"FALSE"
2025,"FALSE"
2026,"TRUE"
2027,"TRUE"
2028,"FALSE"
2029,"FALSE"
2030,"FALSE"
2031,"FALSE"
2032,"FALSE"
2033,"FALSE"
2034,"FALSE"
2035,"FALSE"
2036,"FALSE"
2037,"FALSE"
2038,"FALSE"
2039,"FALSE"
2040,"FALSE"
2041,"FALSE"
2042,"FALSE"
2043,"TRUE"
2044,"FALSE"
2045,"FALSE"
2046,"TRUE"
2047,"FALSE"
2048,"FALSE"
2049,"FALSE"
2050,"FALSE"
2051,"TRUE"
2052,"FALSE"
2053,"FALSE"
2054,"TRUE"
2055,"FALSE"
2056,"FALSE"
2057,"TRUE"
2058,"FALSE"
2059,"TRUE"
2060,"FALSE"
2061,"FALSE"
2062,"FALSE"
2063,"FALSE"
2064,"TRUE"
2065,"FALSE"
2066,"FALSE"
2067,"FALSE"
2068,"FALSE"
2069,"FALSE"
2070,"FALSE"
2071,"FALSE"
2072,"FALSE"
2073,"FALSE"
2074,"FALSE"
2075,"FALSE"
2076,"FALSE"
2077,"FALSE"
2078,"FALSE"
2079,"FALSE"
2080,"TRUE"
2081,"FALSE"
2082,"FALSE"
2083,"FALSE"
2084,"FALSE"
2085,"FALSE"
2086,"FALSE"
2087,"FALSE"
2088,"FALSE"
2089,"FALSE"
2090,"FALSE"
2091,"TRUE"
2092,"FALSE"
2093,"FALSE"
2094,"FALSE"
2095,"FALSE"
2096,"FALSE"
2097,"FALSE"
2098,"TRUE"
2099,"FALSE"
2100,"FALSE"
2101,"FALSE"
2102,"FALSE"
2103,"FALSE"
2104,"FALSE"
2105,"FALSE"
2106,"TRUE"
2107,"FALSE"
2108,"FALSE"
2109,"FALSE"
2110,"FALSE"
2111,"FALSE"
2112,"FALSE"
2113,"FALSE"
2114,"FALSE"
2115,"FALSE"
2116,"FALSE"
2117,"FALSE"
2118,"FALSE"
2119,"FALSE"
2120,"TRUE"
2121,"FALSE"
2122,"FALSE"
2123,"FALSE"
2124,"FALSE"
2125,"FALSE"
2126,"FALSE"
2127,"FALSE"
2128,"FALSE"
2129,"TRUE"
2130,"FALSE"
2131,"FALSE"
2132,"FALSE"
2133,"FALSE"
2134,"FALSE"
2135,"FALSE"
2136,"FALSE"
2137,"FALSE"
2138,"FALSE"
2139,"TRUE"
2140,"FALSE"
2141,"FALSE"
2142,"FALSE"
2143,"FALSE"
2144,"FALSE"
2145,"FALSE"
2146,"FALSE"
2147,"FALSE"
2148,"FALSE"
2149,"FALSE"
2150,"FALSE"
2151,"FALSE"
2152,"FALSE"
2153,"FALSE"
2154,"FALSE"
2155,"FALSE"
2156,"FALSE"
2157,"FALSE"
2158,"FALSE"
2159,"FALSE"
2160,"FALSE"
2161,"FALSE"
2162,"FALSE"
2163,"FALSE"
2164,"FALSE"
2165,"FALSE"
2166,"TRUE"
2167,"FALSE"
2168,"FALSE"
2169,"FALSE"
2170,"FALSE"
2171,"FALSE"
2172,"TRUE"
2173,"FALSE"
2174,"FALSE"
2175,"FALSE"
2176,"FALSE"
2177,"FALSE"
2178,"TRUE"
2179,"FALSE"
2180,"FALSE"
2181,"FALSE"
2182,"FALSE"
2183,"FALSE"
2184,"FALSE"
2185,"FALSE"
2186,"FALSE"
2187,"FALSE"
2188,"FALSE"
2189,"FALSE"
2190,"FALSE"
2191,"FALSE"
2192,"FALSE"
2193,"FALSE"
2194,"TRUE"
2195,"FALSE"
2196,"FALSE"
2197,"FALSE"
2198,"FALSE"
2199,"FALSE"
2200,"FALSE"
2201,"FALSE"
2202,"FALSE"
2203,"FALSE"
2204,"FALSE"
2205,"FALSE"
2206,"FALSE"
2207,"FALSE"
2208,"FALSE"
2209,"FALSE"
2210,"FALSE"
2211,"FALSE"
2212,"FALSE"
2213,"FALSE"
2214,"FALSE"
2215,"FALSE"
2216,"FALSE"
2217,"FALSE"
2218,"TRUE"
2219,"FALSE"
2220,"FALSE"
2221,"FALSE"
2222,"FALSE"
2223,"FALSE"
2224,"FALSE"
2225,"FALSE"
2226,"FALSE"
2227,"FALSE"
2228,"FALSE"
2229,"FALSE"
2230,"FALSE"
2231,"FALSE"
2232,"FALSE"
2233,"TRUE"
2234,"FALSE"
2235,"FALSE"
2236,"FALSE"
2237,"FALSE"
2238,"FALSE"
2239,"FALSE"
2240,"FALSE"
2241,"FALSE"
2242,"FALSE"
2243,"FALSE"
2244,"FALSE"
2245,"FALSE"
2246,"FALSE"
2247,"FALSE"
2248,"FALSE"
2249,"FALSE"
2250,"FALSE"
2251,"FALSE"
2252,"TRUE"
2253,"TRUE"
2254,"FALSE"
2255,"FALSE"
2256,"FALSE"
2257,"FALSE"
2258,"FALSE"
2259,"FALSE"
2260,"FALSE"
2261,"FALSE"
2262,"FALSE"
2263,"FALSE"
2264,"FALSE"
2265,"FALSE"
2266,"FALSE"
2267,"FALSE"
2268,"FALSE"
2269,"FALSE"
2270,"FALSE"
2271,"FALSE"
2272,"FALSE"
2273,"FALSE"
2274,"FALSE"
2275,"FALSE"
2276,"FALSE"
2277,"FALSE"
2278,"FALSE"
2279,"FALSE"
2280,"FALSE"
2281,"FALSE"
2282,"FALSE"
2283,"FALSE"
2284,"TRUE"
2285,"FALSE"
2286,"FALSE"
2287,"FALSE"
2288,"FALSE"
2289,"FALSE"
2290,"FALSE"
2291,"FALSE"
2292,"FALSE"
2293,"FALSE"
2294,"FALSE"
2295,"FALSE"
2296,"FALSE"
2297,"FALSE"
2298,"FALSE"
2299,"FALSE"
2300,"FALSE"
2301,"TRUE"
2302,"FALSE"
2303,"FALSE"
2304,"FALSE"
2305,"FALSE"
2306,"FALSE"
2307,"FALSE"
2308,"FALSE"
2309,"FALSE"
2310,"FALSE"
2311,"FALSE"
2312,"FALSE"
2313,"FALSE"
2314,"FALSE"
2315,"TRUE"
2316,"FALSE"
2317,"FALSE"
2318,"TRUE"
2319,"FALSE"
2320,"FALSE"
2321,"FALSE"
2322,"FALSE"
2323,"FALSE"
2324,"FALSE"
2325,"FALSE"
2326,"FALSE"
2327,"FALSE"
2328,"FALSE"
2329,"FALSE"
2330,"FALSE"
2331,"FALSE"
2332,"FALSE"
2333,"FALSE"
2334,"FALSE"
2335,"FALSE"
2336,"FALSE"
2337,"FALSE"
2338,"FALSE"
2339,"FALSE"
2340,"FALSE"
2341,"FALSE"
2342,"FALSE"
2343,"FALSE"
2344,"TRUE"
2345,"FALSE"
2346,"FALSE"
2347,"TRUE"
2348,"FALSE"
2349,"FALSE"
2350,"FALSE"
2351,"FALSE"
2352,"FALSE"
2353,"FALSE"
2354,"FALSE"
2355,"FALSE"
2356,"FALSE"
2357,"FALSE"
2358,"FALSE"
2359,"FALSE"
2360,"FALSE"
2361,"FALSE"
2362,"FALSE"
2363,"FALSE"
2364,"FALSE"
2365,"TRUE"
2366,"FALSE"
2367,"TRUE"
2368,"FALSE"
2369,"FALSE"
2370,"FALSE"
2371,"FALSE"
2372,"FALSE"
2373,"FALSE"
2374,"FALSE"
2375,"FALSE"
2376,"TRUE"
2377,"FALSE"
2378,"FALSE"
2379,"FALSE"
2380,"FALSE"
2381,"FALSE"
2382,"FALSE"
2383,"FALSE"
2384,"FALSE"
2385,"FALSE"
2386,"FALSE"
2387,"FALSE"
2388,"FALSE"
2389,"FALSE"
2390,"TRUE"
2391,"FALSE"
2392,"FALSE"
2393,"FALSE"
2394,"FALSE"
2395,"FALSE"
2396,"FALSE"
2397,"FALSE"
2398,"FALSE"
2399,"FALSE"
2400,"FALSE"
2401,"TRUE"
2402,"FALSE"
2403,"FALSE"
2404,"FALSE"
2405,"FALSE"
2406,"FALSE"
2407,"TRUE"
2408,"FALSE"
2409,"TRUE"
2410,"FALSE"
2411,"FALSE"
2412,"FALSE"
2413,"FALSE"
2414,"TRUE"
2415,"FALSE"
2416,"FALSE"
2417,"FALSE"
2418,"FALSE"
2419,"FALSE"
2420,"FALSE"
2421,"FALSE"
2422,"FALSE"
2423,"FALSE"
2424,"FALSE"
2425,"FALSE"
2426,"FALSE"
2427,"FALSE"
2428,"FALSE"
2429,"FALSE"
2430,"FALSE"
2431,"FALSE"
2432,"FALSE"
2433,"FALSE"
2434,"FALSE"
2435,"FALSE"
2436,"FALSE"
2437,"FALSE"
2438,"FALSE"
2439,"FALSE"
2440,"FALSE"
2441,"FALSE"
2442,"FALSE"
2443,"FALSE"
2444,"FALSE"
2445,"FALSE"
2446,"FALSE"
2447,"FALSE"
2448,"FALSE"
2449,"FALSE"
2450,"FALSE"
2451,"FALSE"
2452,"FALSE"
2453,"FALSE"
2454,"FALSE"
2455,"FALSE"
2456,"FALSE"
2457,"FALSE"
2458,"FALSE"
2459,"FALSE"
2460,"FALSE"
2461,"FALSE"
2462,"FALSE"
2463,"FALSE"
2464,"FALSE"
2465,"FALSE"
